{"cameraMode":{"drawMode":0,"name":"Shaded","section":"Shading Mode"},"sceneLighting":false,"audioPlay":false,"sceneViewState":{"m_AlwaysRefresh":false,"showFog":true,"showSkybox":false,"showFlares":true,"showImageEffects":true,"showParticleSystems":true,"showVisualEffectGraphs":true,"m_FxEnabled":true},"in2DMode":false,"pivot":{"x":0.40100055932998659,"y":0.016074713319540025,"z":0.2513788342475891},"rotation":{"x":0.3992416560649872,"y":-0.3147245943546295,"z":0.14804978668689729,"w":0.8484236598014832},"size":1.2181717157363892,"orthographic":true}