{"cameraMode":{"drawMode":0,"name":"Shaded","section":"Shading Mode"},"sceneLighting":false,"audioPlay":false,"sceneViewState":{"m_AlwaysRefresh":false,"showFog":true,"showSkybox":false,"showFlares":true,"showImageEffects":true,"showParticleSystems":true,"showVisualEffectGraphs":true,"m_FxEnabled":true},"in2DMode":false,"pivot":{"x":-11.876605987548829,"y":-27.183773040771486,"z":0.29964447021484377},"rotation":{"x":-0.19690711796283723,"y":0.38886913657188418,"z":-0.08541662245988846,"w":-0.895986795425415},"size":49.71928405761719,"orthographic":true}