{"cameraMode":{"drawMode":0,"name":"Shaded","section":"Shading Mode"},"sceneLighting":false,"audioPlay":false,"sceneViewState":{"m_AlwaysRefresh":false,"showFog":true,"showSkybox":false,"showFlares":true,"showImageEffects":true,"showParticleSystems":true,"showVisualEffectGraphs":true,"m_FxEnabled":true},"in2DMode":false,"pivot":{"x":0.011016607284545899,"y":1.1224483251571656,"z":0.09787668287754059},"rotation":{"x":0.016256751492619516,"y":-0.9669796228408814,"z":0.06331010162830353,"w":0.24711550772190095},"size":1.5435657501220704,"orthographic":false}