{"cameraMode":{"drawMode":0,"name":"Shaded","section":"Shading Mode"},"sceneLighting":false,"audioPlay":false,"sceneViewState":{"m_AlwaysRefresh":false,"showFog":true,"showSkybox":false,"showFlares":true,"showImageEffects":true,"showParticleSystems":true,"showVisualEffectGraphs":true,"m_FxEnabled":true},"in2DMode":false,"pivot":{"x":-0.019285526126623155,"y":0.06470304727554321,"z":-0.2560187578201294},"rotation":{"x":0.2524327039718628,"y":-0.6624047756195068,"z":0.25413528084754946,"w":0.6580719947814941},"size":0.22560790181159974,"orthographic":false}