{"cameraMode":{"drawMode":0,"name":"Shaded","section":"Shading Mode"},"sceneLighting":false,"audioPlay":false,"sceneViewState":{"m_AlwaysRefresh":false,"showFog":true,"showSkybox":false,"showFlares":true,"showImageEffects":true,"showParticleSystems":true,"showVisualEffectGraphs":true,"m_FxEnabled":true},"in2DMode":false,"pivot":{"x":20.210756301879884,"y":10.919866561889649,"z":-2.7677361965179445},"rotation":{"x":0.03437664732336998,"y":-0.4478655457496643,"z":0.017093732953071595,"w":0.8933776021003723},"size":1.3098537921905518,"orthographic":true}