{"cameraMode":{"drawMode":0,"name":"Shaded","section":"Shading Mode"},"sceneLighting":false,"audioPlay":false,"sceneViewState":{"m_AlwaysRefresh":false,"showFog":true,"showSkybox":false,"showFlares":true,"showImageEffects":true,"showParticleSystems":true,"showVisualEffectGraphs":true,"m_FxEnabled":true},"in2DMode":false,"pivot":{"x":-0.5127596855163574,"y":6.145083427429199,"z":16.474658966064454},"rotation":{"x":-0.006442424841225147,"y":0.9868270754814148,"z":-0.15703624486923219,"w":-0.040291186422109607},"size":3.942124843597412,"orthographic":true}