{"cameraMode":{"drawMode":0,"name":"Shaded","section":"Shading Mode"},"sceneLighting":false,"audioPlay":false,"sceneViewState":{"m_AlwaysRefresh":false,"showFog":true,"showSkybox":false,"showFlares":true,"showImageEffects":true,"showParticleSystems":true,"showVisualEffectGraphs":true,"m_FxEnabled":true},"in2DMode":false,"pivot":{"x":0.07784554362297058,"y":0.42132681608200076,"z":0.07094256579875946},"rotation":{"x":-0.22723481059074403,"y":0.7583958506584168,"z":-0.340330570936203,"w":-0.50774085521698},"size":0.8394922018051148,"orthographic":true}