{"cameraMode":{"drawMode":0,"name":"Shaded","section":"Shading Mode"},"sceneLighting":false,"audioPlay":false,"sceneViewState":{"m_AlwaysRefresh":false,"showFog":true,"showSkybox":false,"showFlares":true,"showImageEffects":true,"showParticleSystems":true,"showVisualEffectGraphs":true,"m_FxEnabled":true},"in2DMode":false,"pivot":{"x":-0.055368244647979739,"y":0.017999745905399324,"z":0.08277557790279389},"rotation":{"x":-0.03786837309598923,"y":0.8287957310676575,"z":-0.05369222164154053,"w":-0.5563581585884094},"size":0.3130899667739868,"orthographic":false}