{"cameraMode":{"drawMode":0,"name":"Shaded","section":"Shading Mode"},"sceneLighting":false,"audioPlay":false,"sceneViewState":{"m_AlwaysRefresh":false,"showFog":true,"showSkybox":false,"showFlares":true,"showImageEffects":true,"showParticleSystems":true,"showVisualEffectGraphs":true,"m_FxEnabled":true},"in2DMode":false,"pivot":{"x":0.02049383521080017,"y":0.009976029396057129,"z":-0.13535469770431519},"rotation":{"x":-0.09997788816690445,"y":0.8980241417884827,"z":-0.2692626714706421,"w":-0.333425372838974},"size":0.5384066104888916,"orthographic":false}