{"cameraMode":{"drawMode":0,"name":"Shaded","section":"Shading Mode"},"sceneLighting":false,"audioPlay":false,"sceneViewState":{"m_AlwaysRefresh":false,"showFog":true,"showSkybox":false,"showFlares":true,"showImageEffects":true,"showParticleSystems":true,"showVisualEffectGraphs":true,"m_FxEnabled":true},"in2DMode":false,"pivot":{"x":2.7851314544677736,"y":-2.7433862686157228,"z":20.426925659179689},"rotation":{"x":0.35051360726356509,"y":-0.6114113330841065,"z":0.33983609080314639,"w":0.6236976385116577},"size":10.031414031982422,"orthographic":false}