{"cameraMode":{"drawMode":0,"name":"Shaded","section":"Shading Mode"},"sceneLighting":false,"audioPlay":false,"sceneViewState":{"m_AlwaysRefresh":false,"showFog":true,"showSkybox":false,"showFlares":true,"showImageEffects":true,"showParticleSystems":true,"showVisualEffectGraphs":true,"m_FxEnabled":true},"in2DMode":false,"pivot":{"x":0.01600000262260437,"y":0.0034847573842853309,"z":-11.130001068115235},"rotation":{"x":-0.09997788816690445,"y":0.8980241417884827,"z":-0.2692626714706421,"w":-0.333425372838974},"size":0.07676602900028229,"orthographic":false}