{"cameraMode":{"drawMode":0,"name":"Shaded","section":"Shading Mode"},"sceneLighting":false,"audioPlay":false,"sceneViewState":{"m_AlwaysRefresh":false,"showFog":true,"showSkybox":false,"showFlares":true,"showImageEffects":true,"showParticleSystems":true,"showVisualEffectGraphs":true,"m_FxEnabled":true},"in2DMode":false,"pivot":{"x":-0.32703229784965517,"y":0.12768428027629853,"z":-0.1284768432378769},"rotation":{"x":0.22763162851333619,"y":-0.7718390226364136,"z":0.4021376371383667,"w":0.43692487478256228},"size":0.6462308168411255,"orthographic":true}