{"cameraMode":{"drawMode":0,"name":"Shaded","section":"Shading Mode"},"sceneLighting":true,"audioPlay":false,"sceneViewState":{"m_AlwaysRefresh":false,"showFog":true,"showSkybox":false,"showFlares":true,"showImageEffects":true,"showParticleSystems":true,"showVisualEffectGraphs":true,"m_FxEnabled":true},"in2DMode":false,"pivot":{"x":3.9868102073669435,"y":-4.518111228942871,"z":17.518810272216798},"rotation":{"x":-0.07858701050281525,"y":0.8633526563644409,"z":-0.4778640568256378,"w":-0.14224910736083985},"size":2.7871806621551515,"orthographic":true}