{"cameraMode":{"drawMode":0,"name":"Shaded","section":"Shading Mode"},"sceneLighting":false,"audioPlay":false,"sceneViewState":{"m_AlwaysRefresh":false,"showFog":true,"showSkybox":false,"showFlares":true,"showImageEffects":true,"showParticleSystems":true,"showVisualEffectGraphs":true,"m_FxEnabled":true},"in2DMode":false,"pivot":{"x":-0.11958003044128418,"y":0.6036946773529053,"z":0.16971798241138459},"rotation":{"x":-0.06762012839317322,"y":0.7076521515846252,"z":-0.0683821439743042,"w":-0.7000758051872253},"size":0.8660253882408142,"orthographic":false}