{"cameraMode":{"drawMode":0,"name":"Shaded","section":"Shading Mode"},"sceneLighting":false,"audioPlay":false,"sceneViewState":{"m_AlwaysRefresh":false,"showFog":true,"showSkybox":false,"showFlares":true,"showImageEffects":true,"showParticleSystems":true,"showVisualEffectGraphs":true,"m_FxEnabled":true},"in2DMode":false,"pivot":{"x":5.139999866485596,"y":1.2645827531814576,"z":2.383000612258911},"rotation":{"x":0.3274872899055481,"y":-0.19615322351455689,"z":0.06968377530574799,"w":0.9216857552528381},"size":1.5000457763671876,"orthographic":true}