{"cameraMode":{"drawMode":0,"name":"Shaded","section":"Shading Mode"},"sceneLighting":true,"audioPlay":false,"sceneViewState":{"m_AlwaysRefresh":false,"showFog":true,"showSkybox":false,"showFlares":true,"showImageEffects":true,"showParticleSystems":true,"showVisualEffectGraphs":true,"m_FxEnabled":true},"in2DMode":false,"pivot":{"x":0.051240891218185428,"y":0.12806275486946107,"z":-0.036392927169799808},"rotation":{"x":0.07250624150037766,"y":0.8549023270606995,"z":-0.12420699745416641,"w":0.4985794425010681},"size":0.21107010543346406,"orthographic":false}