{"cameraMode":{"drawMode":0,"name":"Shaded","section":"Shading Mode"},"sceneLighting":false,"audioPlay":false,"sceneViewState":{"m_AlwaysRefresh":false,"showFog":true,"showSkybox":false,"showFlares":true,"showImageEffects":true,"showParticleSystems":true,"showVisualEffectGraphs":true,"m_FxEnabled":true},"in2DMode":false,"pivot":{"x":-15.179744720458985,"y":2.2656784057617189,"z":15.034294128417969},"rotation":{"x":0.008206678554415703,"y":-0.4860900044441223,"z":0.0043995194137096409,"w":0.8739611506462097},"size":2.504878282546997,"orthographic":true}