{"cameraMode":{"drawMode":0,"name":"Shaded","section":"Shading Mode"},"sceneLighting":false,"audioPlay":false,"sceneViewState":{"m_AlwaysRefresh":false,"showFog":true,"showSkybox":false,"showFlares":true,"showImageEffects":true,"showParticleSystems":true,"showVisualEffectGraphs":true,"m_FxEnabled":true},"in2DMode":false,"pivot":{"x":9.655991554260254,"y":0.9830162525177002,"z":6.378687381744385},"rotation":{"x":-0.35409337282180788,"y":-0.04733423888683319,"z":0.018146291375160219,"w":-0.9339584112167358},"size":10.05758285522461,"orthographic":true}