{"cameraMode":{"drawMode":0,"name":"Shaded","section":"Shading Mode"},"sceneLighting":false,"audioPlay":false,"sceneViewState":{"m_AlwaysRefresh":false,"showFog":true,"showSkybox":false,"showFlares":true,"showImageEffects":true,"showParticleSystems":true,"showVisualEffectGraphs":true,"m_FxEnabled":true},"in2DMode":false,"pivot":{"x":1.2227537631988526,"y":0.8176167607307434,"z":-0.12163376808166504},"rotation":{"x":-0.01316186785697937,"y":0.9830574989318848,"z":-0.07831814140081406,"w":-0.1652085781097412},"size":2.2808096408843996,"orthographic":true}