{"cameraMode":{"drawMode":0,"name":"Shaded","section":"Shading Mode"},"sceneLighting":false,"audioPlay":false,"sceneViewState":{"m_AlwaysRefresh":false,"showFog":true,"showSkybox":false,"showFlares":true,"showImageEffects":true,"showParticleSystems":true,"showVisualEffectGraphs":true,"m_FxEnabled":true},"in2DMode":false,"pivot":{"x":-4.199999809265137,"y":0.44999998807907107,"z":-11.155755043029786},"rotation":{"x":-0.09820631891489029,"y":0.8518122434616089,"z":-0.17249882221221925,"w":-0.48490506410598757},"size":0.6401582956314087,"orthographic":false}