{"cameraMode":{"drawMode":0,"name":"Shaded","section":"Shading Mode"},"sceneLighting":false,"audioPlay":false,"sceneViewState":{"m_AlwaysRefresh":false,"showFog":true,"showSkybox":false,"showFlares":true,"showImageEffects":true,"showParticleSystems":true,"showVisualEffectGraphs":true,"m_FxEnabled":true},"in2DMode":false,"pivot":{"x":1.0147831439971924,"y":0.30692386627197268,"z":0.019821643829345704},"rotation":{"x":-0.11073781549930573,"y":0.7910878658294678,"z":-0.15034157037734986,"w":-0.5826412439346314},"size":2.8524556159973146,"orthographic":true}