{"cameraMode":{"drawMode":0,"name":"Shaded","section":"Shading Mode"},"sceneLighting":false,"audioPlay":false,"sceneViewState":{"m_AlwaysRefresh":false,"showFog":true,"showSkybox":false,"showFlares":true,"showImageEffects":true,"showParticleSystems":true,"showVisualEffectGraphs":true,"m_FxEnabled":true},"in2DMode":false,"pivot":{"x":-0.500000536441803,"y":2.000002145767212,"z":-0.0014882534742355347},"rotation":{"x":-0.15238763391971589,"y":0.3346225917339325,"z":-0.053902339190244678,"w":-0.9286532402038574},"size":2.5052340030670168,"orthographic":false}