{"cameraMode":{"drawMode":0,"name":"Shaded","section":"Shading Mode"},"sceneLighting":true,"audioPlay":false,"sceneViewState":{"m_AlwaysRefresh":false,"showFog":true,"showSkybox":true,"showFlares":true,"showImageEffects":true,"showParticleSystems":true,"showVisualEffectGraphs":true,"m_FxEnabled":true},"in2DMode":false,"pivot":{"x":-14.214527130126954,"y":0.38001441955566409,"z":24.383255004882814},"rotation":{"x":0.04456113278865814,"y":0.8726969957351685,"z":-0.47959721088409426,"w":0.0811370313167572},"size":7.673319339752197,"orthographic":true}