{"cameraMode":{"drawMode":0,"name":"Shaded","section":"Shading Mode"},"sceneLighting":true,"audioPlay":false,"sceneViewState":{"m_AlwaysRefresh":false,"showFog":true,"showSkybox":true,"showFlares":true,"showImageEffects":true,"showParticleSystems":true,"showVisualEffectGraphs":true,"m_FxEnabled":true},"in2DMode":false,"pivot":{"x":-17.365949630737306,"y":1.4482576847076417,"z":26.760299682617189},"rotation":{"x":-0.0031406895723193886,"y":0.9816533923149109,"z":-0.19083784520626069,"w":-0.018033815547823907},"size":1.2586169242858887,"orthographic":true}