{"cameraMode":{"drawMode":0,"name":"Shaded","section":"Shading Mode"},"sceneLighting":false,"audioPlay":false,"sceneViewState":{"m_AlwaysRefresh":false,"showFog":true,"showSkybox":false,"showFlares":true,"showImageEffects":true,"showParticleSystems":true,"showVisualEffectGraphs":true,"m_FxEnabled":true},"in2DMode":false,"pivot":{"x":0.7919797897338867,"y":-0.5783268213272095,"z":0.035234227776527408},"rotation":{"x":-0.11313974857330322,"y":0.6787325739860535,"z":-0.10693607479333878,"w":-0.7177369594573975},"size":1.3152737617492676,"orthographic":false}