{"cameraMode":{"drawMode":0,"name":"Shaded","section":"Shading Mode"},"sceneLighting":true,"audioPlay":false,"sceneViewState":{"m_AlwaysRefresh":false,"showFog":true,"showSkybox":false,"showFlares":true,"showImageEffects":true,"showParticleSystems":true,"showVisualEffectGraphs":true,"m_FxEnabled":true},"in2DMode":false,"pivot":{"x":-0.06312838196754456,"y":0.180223748087883,"z":-0.003679618239402771},"rotation":{"x":0.002502617659047246,"y":0.9967187643051148,"z":0.03259444609284401,"w":-0.07643654942512512},"size":0.3100575804710388,"orthographic":false}