{"cameraMode":{"drawMode":0,"name":"Shaded","section":"Shading Mode"},"sceneLighting":true,"audioPlay":false,"sceneViewState":{"m_AlwaysRefresh":false,"showFog":true,"showSkybox":false,"showFlares":true,"showImageEffects":true,"showParticleSystems":true,"showVisualEffectGraphs":true,"m_FxEnabled":true},"in2DMode":false,"pivot":{"x":0.08149467408657074,"y":0.29085126519203188,"z":-0.011805415153503418},"rotation":{"x":0.12340366840362549,"y":-0.053561463952064517,"z":0.006666270550340414,"w":0.9908984303474426},"size":0.4206432104110718,"orthographic":true}