{"cameraMode":{"drawMode":0,"name":"Shaded","section":"Shading Mode"},"sceneLighting":false,"audioPlay":false,"sceneViewState":{"m_AlwaysRefresh":false,"showFog":true,"showSkybox":false,"showFlares":true,"showImageEffects":true,"showParticleSystems":true,"showVisualEffectGraphs":true,"m_FxEnabled":true},"in2DMode":false,"pivot":{"x":0.04349470138549805,"y":0.5440412163734436,"z":0.020774245262145997},"rotation":{"x":-0.018008289858698846,"y":-0.8862662315368652,"z":0.4617570638656616,"w":-0.03488429635763168},"size":1.7114980220794678,"orthographic":false}