{"cameraMode":{"drawMode":0,"name":"Shaded","section":"Shading Mode"},"sceneLighting":false,"audioPlay":false,"sceneViewState":{"m_AlwaysRefresh":false,"showFog":true,"showSkybox":false,"showFlares":true,"showImageEffects":true,"showParticleSystems":true,"showVisualEffectGraphs":true,"m_FxEnabled":true},"in2DMode":false,"pivot":{"x":-0.09119083732366562,"y":0.18094152212142945,"z":0.08281168341636658},"rotation":{"x":-0.0010214288486167789,"y":0.8772751688957214,"z":-0.480401873588562,"w":-0.003173456061631441},"size":0.5639054179191589,"orthographic":true}