{"cameraMode":{"drawMode":0,"name":"Shaded","section":"Shading Mode"},"sceneLighting":false,"audioPlay":false,"sceneViewState":{"m_AlwaysRefresh":false,"showFog":true,"showSkybox":false,"showFlares":true,"showImageEffects":true,"showParticleSystems":true,"showVisualEffectGraphs":true,"m_FxEnabled":true},"in2DMode":false,"pivot":{"x":0.3735313415527344,"y":0.5806214213371277,"z":-0.04290882498025894},"rotation":{"x":0.01801871880888939,"y":0.9416858553886414,"z":-0.33237650990486147,"w":0.05087067186832428},"size":3.11861515045166,"orthographic":true}