{"cameraMode":{"drawMode":0,"name":"Shaded","section":"Shading Mode"},"sceneLighting":false,"audioPlay":false,"sceneViewState":{"m_AlwaysRefresh":false,"showFog":true,"showSkybox":false,"showFlares":true,"showImageEffects":true,"showParticleSystems":true,"showVisualEffectGraphs":true,"m_FxEnabled":true},"in2DMode":false,"pivot":{"x":-0.28282079100608828,"y":0.08512222021818161,"z":-0.1588398516178131},"rotation":{"x":0.28220129013061526,"y":-0.6811916828155518,"z":0.3242734670639038,"w":0.592756450176239},"size":0.7420833110809326,"orthographic":true}