{"cameraMode":{"drawMode":0,"name":"Shaded","section":"Shading Mode"},"sceneLighting":false,"audioPlay":false,"sceneViewState":{"m_AlwaysRefresh":false,"showFog":true,"showSkybox":false,"showFlares":true,"showImageEffects":true,"showParticleSystems":true,"showVisualEffectGraphs":true,"m_FxEnabled":true},"in2DMode":false,"pivot":{"x":-2.384185791015625e-7,"y":0.8602889776229858,"z":0.1626044660806656},"rotation":{"x":0.046793874353170398,"y":-0.8860291242599487,"z":0.0914599671959877,"w":0.45252081751823428},"size":1.2665648460388184,"orthographic":true}