{"cameraMode":{"drawMode":0,"name":"Shaded","section":"Shading Mode"},"sceneLighting":false,"audioPlay":false,"sceneViewState":{"m_AlwaysRefresh":false,"showFog":true,"showSkybox":false,"showFlares":true,"showImageEffects":true,"showParticleSystems":true,"showVisualEffectGraphs":true,"m_FxEnabled":true},"in2DMode":false,"pivot":{"x":0.06510861217975617,"y":0.5398024916648865,"z":0.16428768634796143},"rotation":{"x":0.06500562280416489,"y":-0.453809916973114,"z":0.03161189332604408,"w":0.8885372877120972},"size":0.7308534979820252,"orthographic":true}