{"cameraMode":{"drawMode":0,"name":"Shaded","section":"Shading Mode"},"sceneLighting":false,"audioPlay":false,"sceneViewState":{"m_AlwaysRefresh":false,"showFog":true,"showSkybox":false,"showFlares":true,"showImageEffects":true,"showParticleSystems":true,"showVisualEffectGraphs":true,"m_FxEnabled":true},"in2DMode":false,"pivot":{"x":3.469845771789551,"y":0.8935271501541138,"z":-0.043539077043533328},"rotation":{"x":-0.012686985544860363,"y":-0.37462863326072695,"z":0.005465639289468527,"w":-0.9272028803825378},"size":1.31100332736969,"orthographic":false}