{"cameraMode":{"drawMode":0,"name":"Shaded","section":"Shading Mode"},"sceneLighting":false,"audioPlay":false,"sceneViewState":{"m_AlwaysRefresh":false,"showFog":true,"showSkybox":false,"showFlares":true,"showImageEffects":true,"showParticleSystems":true,"showVisualEffectGraphs":true,"m_FxEnabled":true},"in2DMode":false,"pivot":{"x":0.06494879722595215,"y":1.806546688079834,"z":5.662441253662109e-7},"rotation":{"x":-0.20678868889808656,"y":0.4487370252609253,"z":-0.10572803020477295,"w":-0.8633236885070801},"size":2.1614129543304445,"orthographic":false}