{"cameraMode":{"drawMode":0,"name":"Shaded","section":"Shading Mode"},"sceneLighting":false,"audioPlay":false,"sceneViewState":{"m_AlwaysRefresh":false,"showFog":true,"showSkybox":false,"showFlares":true,"showImageEffects":true,"showParticleSystems":true,"showVisualEffectGraphs":true,"m_FxEnabled":true},"in2DMode":false,"pivot":{"x":-0.11478614807128906,"y":0.20193342864513398,"z":0.12747973203659059},"rotation":{"x":0.3736454248428345,"y":-0.5177444219589233,"z":0.2681627571582794,"w":0.7214041948318481},"size":0.481061190366745,"orthographic":true}