{"cameraMode":{"drawMode":0,"name":"Shaded","section":"Shading Mode"},"sceneLighting":false,"audioPlay":false,"sceneViewState":{"m_AlwaysRefresh":false,"showFog":true,"showSkybox":false,"showFlares":true,"showImageEffects":true,"showParticleSystems":true,"showVisualEffectGraphs":true,"m_FxEnabled":true},"in2DMode":false,"pivot":{"x":-0.256195604801178,"y":2.5625486373901369,"z":-0.26369673013687136},"rotation":{"x":-0.02628503367304802,"y":0.969755232334137,"z":-0.11408369988203049,"w":-0.21532081067562104},"size":2.5052340030670168,"orthographic":false}