{"cameraMode":{"drawMode":0,"name":"Shaded","section":"Shading Mode"},"sceneLighting":false,"audioPlay":false,"sceneViewState":{"m_AlwaysRefresh":false,"showFog":true,"showSkybox":false,"showFlares":true,"showImageEffects":true,"showParticleSystems":true,"showVisualEffectGraphs":true,"m_FxEnabled":true},"in2DMode":false,"pivot":{"x":-0.0004509091377258301,"y":0.01644822023808956,"z":0.0003298819065093994},"rotation":{"x":-0.11736337840557099,"y":0.8826859593391419,"z":-0.3235176205635071,"w":-0.32022082805633547},"size":0.2473946511745453,"orthographic":false}