{"cameraMode":{"drawMode":0,"name":"Shaded","section":"Shading Mode"},"sceneLighting":false,"audioPlay":false,"sceneViewState":{"m_AlwaysRefresh":false,"showFog":true,"showSkybox":false,"showFlares":true,"showImageEffects":true,"showParticleSystems":true,"showVisualEffectGraphs":true,"m_FxEnabled":true},"in2DMode":false,"pivot":{"x":-0.07959386706352234,"y":0.1723397821187973,"z":0.1546463519334793},"rotation":{"x":0.4617519974708557,"y":-0.4053836166858673,"z":0.25016799569129946,"w":0.7482673525810242},"size":0.5221459269523621,"orthographic":true}