{"cameraMode":{"drawMode":0,"name":"Shaded","section":"Shading Mode"},"sceneLighting":false,"audioPlay":false,"sceneViewState":{"m_AlwaysRefresh":false,"showFog":true,"showSkybox":false,"showFlares":true,"showImageEffects":true,"showParticleSystems":true,"showVisualEffectGraphs":true,"m_FxEnabled":true},"in2DMode":false,"pivot":{"x":-0.003288477659225464,"y":0.041350122541189197,"z":-5.960464477539063e-8},"rotation":{"x":-0.044711288064718249,"y":0.9527486562728882,"z":-0.24562051892280579,"w":-0.1733808070421219},"size":0.7034957408905029,"orthographic":false}